{
  "a": 2.62506452073465,
  "b": -1.5610568648014176,
  "type": "platt"
}